{
    "ConfigVersion": "1",
    "MessageNotDrink": "This well doesn't seem to work anymore! I need to repair it with a wrench, or find a natural water source...",
    "MessageRepaired": "It seems this well has already been repaired...",
    "DisableWellsByDefault": 1,
    "DamageTool": 20,
    "TimeToBreak": 1209600,
    "RepairableWells": [
        {
            "Location": [
                8105.21923828125,
                459.11871337890627,
                9328.1298828125
            ],
            "Invincible": 1,
            "Repaired": 1,
            "BreakTime": 1741124630
        },
        {
            "Location": [
                7227.14501953125,
                29.100000381469728,
                3032.85498046875
            ],
            "Invincible": 1,
            "Repaired": 1,
            "BreakTime": 1751763415
        }
    ]
}