{
    "m_Version": 10,
    "Enabled": 1,
    "FrameRateCheckSafeZoneInMs": 0,
    "CircleZones": [
    ],
    "PolygonZones": [
    {
        "Positions": [
            [
                7279.269043,
                26.619061,
                3030.516113
            ],
            [
                7265.662598,
                29.830753,
                3058.364258
            ],
            [
                7250.375000,
                30.371334,
                3060.718018
            ],
            [
                7239.954102,
                29.733149,
                3077.974854
            ],
            [
                7221.853027,
                29.926260,
                3074.183105
            ],
            [
                7217.362305,
                30.162691,
                3043.810059
            ],
            [
                7182.314941,
                31.640425,
                3049.743164
            ],
            [
                7160.990723,
                30.198200,
                3040.862061
            ],
            [
                7173.316895,
                30.050621,
                3015.619873
            ],
            [
                7200.040039,
                31.326227,
                3024.795898
            ],
            [
                7200.524414,
                31.551216,
                3030.659424
            ],
            [
                7203.059570,
                31.126774,
                3031.407959
            ],
            [
                7216.287598,
                29.793503,
                3020.573975
            ],
            [
                7233.328613,
                29.459259,
                3018.176514
            ],
            [
                7267.264160,
                23.929977,
                3000.27
            ]
        ]
    }
    ],
    "CylinderZones": [],
    "ActorsPerTick": 5,
    "DisableVehicleDamageInSafeZone": 0,
    "EnableForceSZCleanup": 1,
    "ItemLifetimeInSafeZone": 3600.0,
    "EnableForceSZCleanupVehicles": 0,
    "VehicleLifetimeInSafeZone": 3600.0,
    "ForceSZCleanup_ExcludedItems": []
}