{
    "m_Version": 7,
    "SpawnLocations": [
        {
            "Name": "Belaya Polyana",
            "Positions": [
                [
                    13960.2373046875,
                    130.43417358398438,
                    14799.79296875
                ],
                [
                    13933.380859375,
                    142.3709716796875,
                    15177.6474609375
                ],
                [
                    14335.05859375,
                    157.33172607421876,
                    15107.947265625
                ],
                [
                    14561.8955078125,
                    115.66293334960938,
                    14725.13671875
                ]
            ],
            "UseCooldown": 0
        },

        {
            "Name": "Berezhki",
            "Positions": [
                [
                    15291.025390625,
                    3.2914328575134279,
                    13812.0263671875
                ],
                [
                    14990.3662109375,
                    44.088470458984378,
                    13914.5166015625
                ],
                [
                    15132.25,
                    40.03794479370117,
                    13717.0
                ],
                [
                    15100.365234375,
                    69.21092987060547,
                    13987.0556640625
                ]
            ],
            "UseCooldown": 0
        },
        {
            "Name": "Svetlojarsk",
            "Positions": [
                [
                    14271.6142578125,
                    2.870725631713867,
                    13049.947265625
                ],
                [
                    14429.0625,
                    1.6265583038330079,
                    13276.341796875
                ],
                [
                    14360.14453125,
                    3.2548365592956545,
                    12863.322265625
                ],
                [
                    14098.259765625,
                    47.296165466308597,
                    13503.4677734375
                ],
                [
                    14137.501953125,
                    10.168176651000977,
                    12837.154296875
                ],
                [
                    13970.0537109375,
                    27.325185775756837,
                    12899.3828125
                ]
            ],
            "UseCooldown": 0
        },
        {
            "Name": "Berezino",
            "Positions": [
                [
                    13234.7373046875,
                    2.351140022277832,
                    10332.2900390625
                ],
                [
                    13269.53515625,
                    3.5267276763916017,
                    10591.7470703125
                ],
                [
                    13087.498046875,
                    2.159055709838867,
                    9678.46484375
                ],
                [
                    12988.7216796875,
                    2.7776107788085939,
                    9383.884765625
                ],
                [
                    12793.646484375,
                    5.996283531188965,
                    9298.478515625
                ],
                [
                    13071.708984375,
                    2.2258262634277345,
                    9892.623046875
                ]
            ],
            "UseCooldown": 0
        },
        {
            "Name": "Nizhneye",
            "Positions": [
                [
                    13087.220703125,
                    1.3106822967529297,
                    8499.099609375
                ],
                [
                    13114.2265625,
                    2.4739990234375,
                    7750.0244140625
                ],
                [
                    13071.5537109375,
                    2.7062606811523439,
                    8166.3662109375
                ],
                [
                    13092.2958984375,
                    2.8163626194000246,
                    7963.240234375
                ],
                [
                    13007.783203125,
                    1.5189943313598633,
                    8488.00390625
                ],
                [
                    13125.685546875,
                    2.058856964111328,
                    8331.1484375
                ]
            ],
            "UseCooldown": 0
        },
        {
            "Name": "Solnechniy",
            "Positions": [
                [
                    13529.5302734375,
                    2.251228094100952,
                    6455.61279296875
                ],
                [
                    13484.724609375,
                    1.7466460466384888,
                    5911.0947265625
                ],
                [
                    13515.912109375,
                    2.679647922515869,
                    6117.38427734375
                ],
                [
                    13534.671875,
                    1.6446690559387208,
                    6234.75
                ],
                [
                    13274.0,
                    1.7834999561309815,
                    7258.81005859375
                ],
                [
                    13345.599609375,
                    1.8779300451278687,
                    6987.35986328125
                ],
                [
                    13383.0,
                    2.755160093307495,
                    6815.89013671875
                ]
            ],
            "UseCooldown": 0
        },
        {
            "Name": "Tri Doliny",
            "Positions": [
                [
                    13082.0283203125,
                    11.854682922363282,
                    5532.896484375
                ],
                [
                    13181.2861328125,
                    3.006439208984375,
                    5428.505859375
                ],
                [
                    13362.869140625,
                    4.13800048828125,
                    5537.7099609375
                ],
                [
                    13437.7080078125,
                    1.9918537139892579,
                    5427.84619140625
                ],
                [
                    13429.251953125,
                    4.1909942626953129,
                    5266.9658203125
                ],
                [
                    13526.8046875,
                    2.558164119720459,
                    5077.3232421875
                ],
                [
                    13393.9462890625,
                    5.958627223968506,
                    5129.396484375
                ],
                [
                    13253.294921875,
                    16.666152954101564,
                    5368.77734375
                ],
                [
                    13205.3994140625,
                    28.26700210571289,
                    5559.4296875
                ]
            ],
            "UseCooldown": 0
        },
        {
            "Name": "Tulga",
            "Positions": [
                [
                    12867.6923828125,
                    183.8976287841797,
                    4361.22265625
                ],
                [
                    12816.1552734375,
                    170.99217224121095,
                    4501.13525390625
                ],
                [
                    12950.0146484375,
                    168.03512573242188,
                    4478.45556640625
                ],
                [
                    12795.646484375,
                    196.62081909179688,
                    4312.25341796875
                ]
            ],
            "UseCooldown": 0
        },
        {
            "Name": "Kamyshovo",